{
  "sac_alpha_03": {
    "mean": 995.8662765521867,
    "std": 253.39249947118282,
    "finals": [
      1056.7860482198207,
      637.8830714181418,
      1262.103881161584,
      847.556462802193,
      1175.0019191591944
    ]
  },
  "td3": {
    "mean": 437.95143937518577,
    "std": 136.5106550343281,
    "finals": [
      330.9652252519816,
      291.2685913255649,
      551.0725094174785,
      411.00022704837477,
      605.4506438325291
    ]
  },
  "sac": {
    "mean": 1134.9760141102793,
    "std": 905.9205620673547,
    "finals": [
      995.3817858951858,
      317.4392248131289,
      633.6949462578326,
      1064.1352786776552,
      2664.2288349075934
    ]
  },
  "ddpg_smooth": {
    "mean": 469.39561934073623,
    "std": 337.1703138793946,
    "finals": [
      313.261459324797,
      250.22124418389254,
      393.3782542832604,
      1065.6620136500837,
      324.4551252616476
    ]
  },
  "sac_alpha_01": {
    "mean": 1776.6299832866723,
    "std": 1054.507146163359,
    "finals": [
      1178.3708916045969,
      2988.1516023548174,
      350.0272831038872,
      2541.2709682768686,
      1825.3291710931912
    ]
  },
  "ddpg_twin": {
    "mean": 354.2836999770068,
    "std": 75.94318652284504,
    "finals": [
      435.01127116700934,
      256.59007449860735,
      319.97424932080753,
      332.3990472090817,
      427.44385768952816
    ]
  },
  "td3_soft": {
    "mean": 976.1715971019214,
    "std": 1238.8648065064037,
    "finals": [
      301.1508223327368,
      323.3158482497704,
      3174.5333804263873,
      691.931510208353,
      389.9264242923594
    ]
  },
  "sac_smoothed": {
    "mean": 1939.8433935341768,
    "std": 1333.0962146287545,
    "finals": [
      3316.2846420586284,
      359.5833820836131,
      776.062916772203,
      3085.8231823116826,
      2161.4628444447567
    ]
  },
  "ddpg": {
    "mean": 609.926463126044,
    "std": 316.0792546459967,
    "finals": [
      1034.6897952215058,
      474.07685546656495,
      293.924865572096,
      847.6594834787369,
      399.2813158913166
    ]
  },
  "sac_alpha_0": {
    "mean": 337.19186499547476,
    "std": 90.44813747273382,
    "finals": [
      435.01127116700934,
      256.59007449860735,
      319.97424932080753
    ]
  },
  "ppo": {
    "mean": 485.4180600001264,
    "std": 0.0,
    "finals": [
      485.4180600001264
    ]
  }
}