{
  "sac": {
    "mean": 261.4610406686068,
    "std": 0.0,
    "finals": [
      261.4610406686068
    ]
  }
}