{
  "ddpg": {
    "mean": 1034.6897952215058,
    "std": 0.0,
    "finals": [
      1034.6897952215058
    ]
  },
  "ddpg_smooth": {
    "mean": 313.261459324797,
    "std": 0.0,
    "finals": [
      313.261459324797
    ]
  },
  "ddpg_twin": {
    "mean": 435.01127116700934,
    "std": 0.0,
    "finals": [
      435.01127116700934
    ]
  },
  "sac_alpha_03": {
    "mean": 1056.7860482198207,
    "std": 0.0,
    "finals": [
      1056.7860482198207
    ]
  },
  "sac": {
    "mean": 995.3817858951858,
    "std": 0.0,
    "finals": [
      995.3817858951858
    ]
  },
  "sac_smoothed": {
    "mean": 3316.2846420586284,
    "std": 0.0,
    "finals": [
      3316.2846420586284
    ]
  },
  "td3": {
    "mean": 330.9652252519816,
    "std": 0.0,
    "finals": [
      330.9652252519816
    ]
  },
  "td3_soft": {
    "mean": 301.1508223327368,
    "std": 0.0,
    "finals": [
      301.1508223327368
    ]
  }
}