{
  "a2c": {
    "mean": -1499.3540863825076,
    "std": 0.0,
    "finals": [
      -1499.3540863825076
    ]
  },
  "ppo": {
    "mean": -1422.4460884103705,
    "std": 0.0,
    "finals": [
      -1422.4460884103705
    ]
  },
  "ddpg": {
    "mean": -126.09917812255078,
    "std": 0.0,
    "finals": [
      -126.09917812255078
    ]
  },
  "td3": {
    "mean": -136.3459432158033,
    "std": 0.0,
    "finals": [
      -136.3459432158033
    ]
  },
  "sac": {
    "mean": -134.07276917426827,
    "std": 0.0,
    "finals": [
      -134.07276917426827
    ]
  },
  "sac_smoothed": {
    "mean": -135.54217016510472,
    "std": 0.0,
    "finals": [
      -135.54217016510472
    ]
  },
  "td3_soft": {
    "mean": -127.74960397013555,
    "std": 0.0,
    "finals": [
      -127.74960397013555
    ]
  },
  "ddpg_twin": {
    "mean": -140.758504589369,
    "std": 0.0,
    "finals": [
      -140.758504589369
    ]
  },
  "ddpg_smooth": {
    "mean": -138.86287530900526,
    "std": 0.0,
    "finals": [
      -138.86287530900526
    ]
  },
  "sac_alpha_03": {
    "mean": -135.2026024615228,
    "std": 0.0,
    "finals": [
      -135.2026024615228
    ]
  },
  "sac_alpha_01": {
    "mean": -135.61464022264863,
    "std": 0.0,
    "finals": [
      -135.61464022264863
    ]
  },
  "sac_alpha_0": {
    "mean": -140.758504589369,
    "std": 0.0,
    "finals": [
      -140.758504589369
    ]
  },
  "ppo_lam_0": {
    "mean": -1799.9829499307011,
    "std": 0.0,
    "finals": [
      -1799.9829499307011
    ]
  },
  "ppo_lam_05": {
    "mean": -1668.7703048265078,
    "std": 0.0,
    "finals": [
      -1668.7703048265078
    ]
  },
  "ppo_lam_1": {
    "mean": -1538.7150110060793,
    "std": 0.0,
    "finals": [
      -1538.7150110060793
    ]
  }
}